,Expiry,Texp,Strike,Bid,Ask,Fwd,CallMid
0,20230222,0.019164955509924708,10.0,,2.086123640771815,20.1951741855249,
1,20230222,0.019164955509924708,10.5,,1.9521205079295099,20.1951741855249,
2,20230222,0.019164955509924708,11.0,,1.9952020380951705,20.1951741855249,
3,20230222,0.019164955509924708,11.5,,1.862783843252573,20.1951741855249,
4,20230222,0.019164955509924708,12.0,,1.7356478216341817,20.1951741855249,
5,20230222,0.019164955509924708,12.5,,1.6132898634643547,20.1951741855249,
6,20230222,0.019164955509924708,13.0,,1.4952591699088869,20.1951741855249,
7,20230222,0.019164955509924708,13.5,,1.3811482438311629,20.1951741855249,
8,20230222,0.019164955509924708,14.0,,1.2705841877468456,20.1951741855249,
9,20230222,0.019164955509924708,14.5,,1.1632207961676264,20.1951741855249,
10,20230222,0.019164955509924708,15.0,,1.0587309277782975,20.1951741855249,
11,20230222,0.019164955509924708,16.0,,0.8571096199925952,20.1951741855249,
12,20230222,0.019164955509924708,17.0,0.593941239079341,0.7543975764034772,20.1951741855249,3.220159907931821
13,20230222,0.019164955509924708,18.0,0.6239808681339949,0.687675486135404,20.1951741855249,2.2801256416938287
14,20230222,0.019164955509924708,19.0,0.6366838536841448,0.6714993098490303,20.1951741855249,1.4600228429557909
15,20230222,0.019164955509924708,20.0,0.6335008282830912,0.7603542808115809,20.1951741855249,0.8747858349212816
16,20230222,0.019164955509924708,21.0,0.7402482297237039,0.8713111560977005,20.1951741855249,0.5696744707842099
17,20230222,0.019164955509924708,22.0,0.8296225402053365,0.9501841964261108,20.1951741855249,0.37478583606405946
18,20230222,0.019164955509924708,23.0,0.9064461864363553,1.027986097195615,20.1951741855249,0.25485436852623766
19,20230222,0.019164955509924708,24.0,1.0088462845477433,1.0762687717379937,20.1951741855249,0.17989720134010811
20,20230222,0.019164955509924708,25.0,1.0669909378504774,1.2087895281880812,20.1951741855249,0.14491718993085612
21,20230222,0.019164955509924708,26.0,1.1292348915754111,1.279309181423637,20.1951741855249,0.10993717856308927
22,20230222,0.019164955509924708,27.0,1.25707672415604,1.315878186447192,20.1951741855249,0.08994860065846311
23,20230222,0.019164955509924708,28.0,1.2643191230163668,1.4397250257153438,20.1951741855249,0.07495716721516732
24,20230222,0.019164955509924708,29.0,1.4156241035510777,1.4550697439826332,20.1951741855249,0.0649628782542177
25,20230222,0.019164955509924708,30.0,1.4226394285054167,1.4744300818836016,20.1951741855249,0.044974300319942095
26,20230222,0.019164955509924708,31.0,1.4543185730999184,1.6197970672620992,20.1951741855249,0.04497430033302513
27,20230222,0.019164955509924708,32.0,1.4597244995947234,1.6653760758450882,20.1951741855249,0.03498001136438683
28,20230222,0.019164955509924708,33.0,1.541263308329694,1.8061545469482483,20.1951741855249,0.03997715583915787
29,20230222,0.019164955509924708,34.0,1.7090606426164956,1.893624225930699,20.1951741855249,0.04497430032629099
30,20230222,0.019164955509924708,35.0,1.7874463500723303,1.8608675015361684,20.1951741855249,0.0349800113614728
31,20230222,0.019164955509924708,36.0,1.6299051765345491,2.002494831111047,20.1951741855249,0.02998286688361597
32,20230222,0.019164955509924708,37.0,,2.013474065031744,20.1951741855249,
33,20230222,0.019164955509924708,38.0,,2.0858445647236445,20.1951741855249,
34,20230222,0.019164955509924708,39.0,,2.1558267489365317,20.1951741855249,
35,20230222,0.019164955509924708,40.0,1.881972719428867,2.1403584866551846,20.1951741855249,0.019988577925306047
36,20230222,0.019164955509924708,42.5,,2.296652896916111,20.1951741855249,
37,20230222,0.019164955509924708,45.0,,2.442019628072649,20.1951741855249,
38,20230222,0.019164955509924708,47.5,,2.577870737588098,20.1951741855249,
39,20230222,0.019164955509924708,50.0,,2.7053572135630066,20.1951741855249,
40,20230222,0.019164955509924708,55.0,,2.612472072943298,20.1951741855249,
41,20230222,0.019164955509924708,60.0,,2.8052956750608304,20.1951741855249,
42,20230222,0.019164955509924708,65.0,,3.1942125227895577,20.1951741855249,
43,20230222,0.019164955509924708,70.0,,3.3627984124113732,20.1951741855249,
44,20230222,0.019164955509924708,75.0,,3.5180983270322663,20.1951741855249,
45,20230222,0.019164955509924708,80.0,,3.662001006441357,20.1951741855249,
46,20230222,0.019164955509924708,85.0,,3.7960215152890795,20.1951741855249,
47,20230222,0.019164955509924708,90.0,,3.9213936810727645,20.1951741855249,
48,20230222,0.019164955509924708,95.0,,4.039135560729429,20.1951741855249,
49,20230222,0.019164955509924708,100.0,,4.1500968827898035,20.1951741855249,
50,20230301,0.038329911019849415,10.0,,1.4860868561787464,20.355006299004895,
51,20230301,0.038329911019849415,10.5,,1.5200709967877972,20.355006299004895,
52,20230301,0.038329911019849415,11.0,,1.4226127049317343,20.355006299004895,
53,20230301,0.038329911019849415,11.5,,1.3292892862367216,20.355006299004895,
54,20230301,0.038329911019849415,12.0,,1.2397000132626275,20.355006299004895,
55,20230301,0.038329911019849415,12.5,,1.1534903275762813,20.355006299004895,
56,20230301,0.038329911019849415,13.0,,1.070343501504051,20.355006299004895,
57,20230301,0.038329911019849415,13.5,,0.989973648555921,20.355006299004895,
58,20230301,0.038329911019849415,14.0,,0.9121196845261896,20.355006299004895,
59,20230301,0.038329911019849415,14.5,,0.8913980583203285,20.355006299004895,
60,20230301,0.038329911019849415,15.0,,0.8140193925837604,20.355006299004895,
61,20230301,0.038329911019849415,16.0,,0.7001338583561421,20.355006299004895,
62,20230301,0.038329911019849415,17.0,0.48496677178683867,0.6586765220187853,20.355006299004895,3.4090717393529566
63,20230301,0.038329911019849415,18.0,0.5471648367746957,0.6501981923272999,20.355006299004895,2.527032700079145
64,20230301,0.038329911019849415,19.0,0.6190658579208905,0.671164305988506,20.355006299004895,1.8121050218586818
65,20230301,0.038329911019849415,20.0,0.6621561547423613,0.7315070521343916,20.355006299004895,1.2839488648755593
66,20230301,0.038329911019849415,21.0,0.7308549435601122,0.8306029849525827,20.355006299004895,0.9633478461150098
67,20230301,0.038329911019849415,22.0,0.7933570591751304,0.8999805891835928,20.355006299004895,0.7274259245382182
68,20230301,0.038329911019849415,23.0,0.8630919875763188,0.9300653996067241,20.355006299004895,0.5455694434951992
69,20230301,0.038329911019849415,24.0,0.9668125224009789,1.0160283945322401,20.355006299004895,0.4718438430075609
70,20230301,0.038329911019849415,25.0,0.971296599035915,1.0757720578277468,20.355006299004895,0.3587979222610589
71,20230301,0.038329911019849415,26.0,1.0340500639163852,1.1306115379716357,20.355006299004895,0.2998174418936479
72,20230301,0.038329911019849415,27.0,1.1162600970580367,1.1286019363774735,20.355006299004895,0.2408369615190653
73,20230301,0.038329911019849415,28.0,1.1315679569247639,1.1884544846697134,20.355006299004895,0.1966016012067836
74,20230301,0.038329911019849415,29.0,1.1720408323317901,1.3081184192702207,20.355006299004895,0.1916865611861418
75,20230301,0.038329911019849415,30.0,1.2177239659800416,1.3525763525240828,20.355006299004895,0.16711136103645285
76,20230301,0.038329911019849415,31.0,1.2745336535007823,1.4028497296517588,20.355006299004895,0.15236624094876616
77,20230301,0.038329911019849415,32.0,1.3019603300341585,1.4453766797797098,20.355006299004895,0.13270608084914243
78,20230301,0.038329911019849415,33.0,1.3446719625928072,1.439089450736108,20.355006299004895,0.10813088066151338
79,20230301,0.038329911019849415,34.0,1.3811822695559068,1.5065643524698191,20.355006299004895,0.10321584066828504
80,20230301,0.038329911019849415,35.0,1.411228398369016,1.57132948429778,20.355006299004895,0.09830080061663327
81,20230301,0.038329911019849415,36.0,1.4693978810226285,1.6099878451607306,20.355006299004895,0.09338576057846149
82,20230301,0.038329911019849415,37.0,1.4894545918046558,1.6694175484113618,20.355006299004895,0.08847072054920235
83,20230301,0.038329911019849415,38.0,1.5016794002562528,1.7008254279892303,20.355006299004895,0.07864064048226124
84,20230301,0.038329911019849415,39.0,1.5522361167067031,1.6318670807340903,20.355006299004895,0.05898048035700018
85,20230301,0.038329911019849415,40.0,1.601164646574349,1.644011821928757,20.355006299004895,0.05406544034165303
86,20230301,0.038329911019849415,42.5,1.6656672055356805,1.87273534423126,20.355006299004895,0.06389552041195401
87,20230301,0.038329911019849415,45.0,1.7074813506143771,1.9514394682560074,20.355006299004895,0.05406544034543184
88,20230301,0.038329911019849415,47.5,1.7195631869354155,2.0169699542818984,20.355006299004895,0.04423536027912721
89,20230301,0.038329911019849415,50.0,1.8066842894860078,2.069379977044444,20.355006299004895,0.03932032025280072
90,20230301,0.038329911019849415,55.0,1.8304613563030445,2.191724253940132,20.355006299004895,0.029490240182546514
91,20230301,0.038329911019849415,60.0,,2.2827477041617863,20.355006299004895,
92,20230301,0.038329911019849415,65.0,,2.420240950017014,20.355006299004895,
93,20230301,0.038329911019849415,70.0,,2.4640296057649342,20.355006299004895,
94,20230301,0.038329911019849415,75.0,,2.5771310628639323,20.355006299004895,
95,20230301,0.038329911019849415,80.0,,2.6818799387551397,20.355006299004895,
96,20230301,0.038329911019849415,85.0,,2.779392099327553,20.355006299004895,
97,20230301,0.038329911019849415,90.0,,2.7539674374562955,20.355006299004895,
98,20230301,0.038329911019849415,95.0,,2.8371671056072554,20.355006299004895,
99,20230301,0.038329911019849415,100.0,,2.9155750568296703,20.355006299004895,
100,20230307,0.05475701574264202,10.0,,1.265029178481238,20.609778254033195,
101,20230307,0.05475701574264202,10.5,,1.2953688294653225,20.609778254033195,
102,20230307,0.05475701574264202,11.0,,1.213769485490598,20.609778254033195,
103,20230307,0.05475701574264202,11.5,,1.1356451740880082,20.609778254033195,
104,20230307,0.05475701574264202,12.0,,1.0606607247775983,20.609778254033195,
105,20230307,0.05475701574264202,12.5,,0.988519901165166,20.609778254033195,
106,20230307,0.05475701574264202,13.0,,0.9189584598242138,20.609778254033195,
107,20230307,0.05475701574264202,13.5,,0.8517383629992639,20.609778254033195,
108,20230307,0.05475701574264202,14.0,,0.8371644282494768,20.609778254033195,
109,20230307,0.05475701574264202,14.5,,0.8089360181666572,20.609778254033195,
110,20230307,0.05475701574264202,15.0,,0.7417644279683331,20.609778254033195,
111,20230307,0.05475701574264202,16.0,,0.6387466710502194,20.609778254033195,
112,20230307,0.05475701574264202,17.0,0.46174860110556826,0.5972686989329159,20.609778254033195,3.6751424247632167
113,20230307,0.05475701574264202,18.0,0.5345672210606367,0.6094690389211335,20.609778254033195,2.8209548056384968
114,20230307,0.05475701574264202,19.0,0.59915280815709,0.6876393723563436,20.609778254033195,2.1628596986904
115,20230307,0.05475701574264202,20.0,0.6475060351866266,0.750382231946515,20.609778254033195,1.6505769726457373
116,20230307,0.05475701574264202,21.0,0.6920194898178509,0.8174851403063832,20.609778254033195,1.2771153358310263
117,20230307,0.05475701574264202,22.0,0.7819055755875108,0.8680224231106035,20.609778254033195,1.0357707054203984
118,20230307,0.05475701574264202,23.0,0.8249336102934477,0.91695311917635,20.609778254033195,0.8245941538984671
119,20230307,0.05475701574264202,24.0,0.9013786139439983,0.9451042527685418,20.609778254033195,0.6787817730319259
120,20230307,0.05475701574264202,25.0,0.9135706069536411,1.0102444245593172,20.609778254033195,0.5530814447837185
121,20230307,0.05475701574264202,26.0,0.9585186229555003,1.0502361506391056,20.609778254033195,0.4625772082875932
122,20230307,0.05475701574264202,27.0,1.003096498042325,1.0958191324770294,20.609778254033195,0.39721303751108605
123,20230307,0.05475701574264202,28.0,1.0429541209473276,1.144858892382548,20.609778254033195,0.34693290623389306
124,20230307,0.05475701574264202,29.0,1.091927684918069,1.1925724220207834,20.609778254033195,0.31173681429514755
125,20230307,0.05475701574264202,30.0,1.1556976245058141,1.2313102462361827,20.609778254033195,0.28659674866210816
126,20230307,0.05475701574264202,31.0,1.164152527214493,1.2146255448320482,20.609778254033195,0.22123257790527007
127,20230307,0.05475701574264202,32.0,1.2016535306035974,1.2562973241584934,20.609778254033195,0.20112052535300895
128,20230307,0.05475701574264202,33.0,1.2327805298413264,1.3583934983899009,20.609778254033195,0.2061485384590801
129,20230307,0.05475701574264202,34.0,1.2573320481316177,1.3937298114020695,20.609778254033195,0.18603648592197775
130,20230307,0.05475701574264202,35.0,1.2939889660771984,1.424043161836647,20.609778254033195,0.17095244653053088
131,20230307,0.05475701574264202,36.0,1.3267566135758564,1.4646009037222463,20.609778254033195,0.1608964202537277
132,20230307,0.05475701574264202,37.0,1.355658232364517,1.4859408607422786,20.609778254033195,0.14581238084274856
133,20230307,0.05475701574264202,38.0,1.380646989141288,1.519506588095504,20.609778254033195,0.1357563546008395
134,20230307,0.05475701574264202,39.0,1.4015924255495888,1.5500872246165343,20.609778254033195,0.12570032832986028
135,20230307,0.05475701574264202,40.0,1.4182564111382425,1.5777371292757416,20.609778254033195,0.11564430205067427
136,20230307,0.05475701574264202,42.5,1.4896696446645108,1.645082154292926,20.609778254033195,0.10056026267453366
137,20230307,0.05475701574264202,45.0,1.5092302636306676,1.7214164840798043,20.609778254033195,0.08547622326833251
138,20230307,0.05475701574264202,47.5,1.593619732459437,1.7881891738309514,20.609778254033195,0.0804482101488816
139,20230307,0.05475701574264202,50.0,1.6249363159405084,1.7144370584092945,20.609778254033195,0.0502801313331383
140,20230307,0.05475701574264202,55.0,1.629724692476914,1.861544422872142,20.609778254033195,0.04022410505762458
141,20230307,0.05475701574264202,60.0,1.6308971124926934,2.0345394370156837,20.609778254033195,0.040224105065420394
142,20230307,0.05475701574264202,65.0,,2.1127198665696794,20.609778254033195,
143,20230307,0.05475701574264202,70.0,,2.172110413090258,20.609778254033195,
144,20230307,0.05475701574264202,75.0,,2.2120461359787704,20.609778254033195,
145,20230307,0.05475701574264202,80.0,,2.30185610111643,20.609778254033195,
146,20230307,0.05475701574264202,85.0,,2.385427583943714,20.609778254033195,
147,20230307,0.05475701574264202,90.0,,2.387745888848892,20.609778254033195,
148,20230307,0.05475701574264202,95.0,,2.4595391339998134,20.609778254033195,
149,20230307,0.05475701574264202,100.0,,2.527172210832,20.609778254033195,
150,20230315,0.07665982203969883,10.0,,1.0580518671652661,20.46879692282498,
151,20230315,0.07665982203969883,10.5,,1.082634649517829,20.46879692282498,
152,20230315,0.07665982203969883,11.0,,1.0137621300407815,20.46879692282498,
153,20230315,0.07665982203969883,11.5,,0.9478166901858729,20.46879692282498,
154,20230315,0.07665982203969883,12.0,,0.8845153225595148,20.46879692282498,
155,20230315,0.07665982203969883,12.5,,0.8236077506634463,20.46879692282498,
156,20230315,0.07665982203969883,13.0,,0.76487055515967,20.46879692282498,
157,20230315,0.07665982203969883,13.5,,0.7081022607073151,20.46879692282498,
158,20230315,0.07665982203969883,14.0,,0.6950718438222874,20.46879692282498,
159,20230315,0.07665982203969883,14.5,,0.6978776444359738,20.46879692282498,
160,20230315,0.07665982203969883,15.0,,0.6619785347926812,20.46879692282498,
161,20230315,0.07665982203969883,16.0,0.44777504767355625,0.6105308220351056,20.46879692282498,4.527918544467822
162,20230315,0.07665982203969883,17.0,0.5237223732039571,0.5743306971486495,20.46879692282498,3.621527778692406
163,20230315,0.07665982203969883,18.0,0.5831574432009252,0.6084289129860385,20.46879692282498,2.8629410671175197
164,20230315,0.07665982203969883,19.0,0.6393621702072063,0.7423462502099838,20.46879692282498,2.350694445725246
165,20230315,0.07665982203969883,20.0,0.7005869853512632,0.7407359658298509,20.46879692282498,1.8532282296661187
166,20230315,0.07665982203969883,21.0,0.7570953783775864,0.8529796864791683,20.46879692282498,1.5864301808525099
167,20230315,0.07665982203969883,22.0,0.8120969659840032,0.905204874597983,20.46879692282498,1.335163288643359
168,20230315,0.07665982203969883,23.0,0.845900010918422,0.9522843982444835,20.46879692282498,1.1183840094333903
169,20230315,0.07665982203969883,24.0,0.8932375007317479,0.9572341668712634,20.46879692282498,0.9213119372410952
170,20230315,0.07665982203969883,25.0,0.9370974946247295,1.04109990179359,20.46879692282498,0.8375563066264644
171,20230315,0.07665982203969883,26.0,0.9821962918969367,1.082078004708868,20.46879692282498,0.7390202705933624
172,20230315,0.07665982203969883,27.0,1.020772053469707,1.1159738214498072,20.46879692282498,0.6503378380993539
173,20230315,0.07665982203969883,28.0,1.0547136685803293,1.1195175291665165,20.46879692282498,0.5518018020100524
174,20230315,0.07665982203969883,29.0,1.0929832288983872,1.188420054401726,20.46879692282498,0.5222409911787222
175,20230315,0.07665982203969883,30.0,1.1234584833597165,1.1538726631417964,20.46879692282498,0.4237049550559455
176,20230315,0.07665982203969883,31.0,1.154578296716187,1.2558436698019642,20.46879692282498,0.4286317569398843
177,20230315,0.07665982203969883,32.0,1.1881618244086778,1.2477167057079277,20.46879692282498,0.3695101352836212
178,20230315,0.07665982203969883,33.0,1.2165720369526523,1.3219704869110642,20.46879692282498,0.3645833335062586
179,20230315,0.07665982203969883,34.0,1.2398477264071688,1.3520260558426207,20.46879692282498,0.33502252268214316
180,20230315,0.07665982203969883,35.0,1.268866166807129,1.3778149541893088,20.46879692282498,0.31038851365469644
181,20230315,0.07665982203969883,36.0,1.2941150283001863,1.4090036698457507,20.46879692282498,0.2906813064218271
182,20230315,0.07665982203969883,37.0,1.315607192096182,1.4269660097618373,20.46879692282498,0.26604729738845845
183,20230315,0.07665982203969883,38.0,1.3332857057824108,1.4514451785489588,20.46879692282498,0.24634009021737535
184,20230315,0.07665982203969883,39.0,1.3611033416373042,1.4728751692871414,20.46879692282498,0.23155968475877242
185,20230315,0.07665982203969883,40.0,1.3718355997251526,1.5030251360562263,20.46879692282498,0.21677927936896513
186,20230315,0.07665982203969883,42.5,1.4152145055544594,1.5506065009803045,20.46879692282498,0.18229166673343117
187,20230315,0.07665982203969883,45.0,1.4615443803030588,1.5971976283002638,20.46879692282498,0.157657657709028
188,20230315,0.07665982203969883,47.5,1.4953499716771237,1.6475336716501596,20.46879692282498,0.13795045047822901
189,20230315,0.07665982203969883,50.0,1.5154871219540729,1.6887172572127236,20.46879692282498,0.1182432432784411
190,20230315,0.07665982203969883,55.0,1.5793125673486306,1.765311693462119,20.46879692282498,0.09360923427416576
191,20230315,0.07665982203969883,60.0,1.6067063086777904,1.8380773064652582,20.46879692282498,0.07390202706353902
192,20230315,0.07665982203969883,65.0,1.6482982967971367,1.8900354497683747,20.46879692282498,0.0591216216454785
193,20230315,0.07665982203969883,70.0,1.6613811929816475,1.9540648945334995,20.46879692282498,0.049268018039308734
194,20230315,0.07665982203969883,75.0,1.6258761703030133,2.005833428855018,20.46879692282498,0.03941441442527633
195,20230315,0.07665982203969883,80.0,,2.045660600713253,20.46879692282498,
196,20230315,0.07665982203969883,85.0,,2.073145251640341,20.46879692282498,
197,20230315,0.07665982203969883,90.0,,2.140154947125138,20.46879692282498,
198,20230315,0.07665982203969883,95.0,,2.203031554241287,20.46879692282498,
199,20230315,0.07665982203969883,100.0,,2.206931757833159,20.46879692282498,
200,20230322,0.09582477754962354,10.0,,0.9295809173088223,20.126164874554703,
201,20230322,0.09582477754962354,10.5,,0.9505568322670113,20.126164874554703,
202,20230322,0.09582477754962354,11.0,,0.8886562792942463,20.126164874554703,
203,20230322,0.09582477754962354,11.5,,0.8293723760478608,20.126164874554703,
204,20230322,0.09582477754962354,12.0,,0.7724501067618421,20.126164874554703,
205,20230322,0.09582477754962354,12.5,,0.7176635845299282,20.126164874554703,
206,20230322,0.09582477754962354,13.0,,0.6648107140996595,20.126164874554703,
207,20230322,0.09582477754962354,13.5,,0.6137086918381132,20.126164874554703,
208,20230322,0.09582477754962354,14.0,0.5122247534967022,0.6010018890295605,20.126164874554703,6.146236559144605
209,20230322,0.09582477754962354,14.5,0.4678115165959821,0.5781889424757483,20.126164874554703,5.651254480291496
210,20230322,0.09582477754962354,15.0,0.5269631470074791,0.5690957079274941,20.126164874554703,5.1763440860370995
211,20230322,0.09582477754962354,16.0,0.5327801747117458,0.5557566351706922,20.126164874554703,4.246594982087558
212,20230322,0.09582477754962354,17.0,0.5746366954041451,0.5815197031402544,20.126164874554703,3.4322580646150573
213,20230322,0.09582477754962354,18.0,0.6246453445265463,0.6347547134127782,20.126164874554703,2.7784946235863313
214,20230322,0.09582477754962354,19.0,0.6741876600631604,0.6828651261661824,20.126164874554703,2.260215053810076
215,20230322,0.09582477754962354,20.0,0.727446609254869,0.7478393103717542,20.126164874554703,1.8874551972265907
216,20230322,0.09582477754962354,21.0,0.7784569547415159,0.7946306951827993,20.126164874554703,1.5856630822490452
217,20230322,0.09582477754962354,22.0,0.8264868435988901,0.8388874506824573,20.126164874554703,1.3498207884987257
218,20230322,0.09582477754962354,23.0,0.863718944620318,0.8852421982921603,20.126164874554703,1.159139785015122
219,20230322,0.09582477754962354,24.0,0.9037958753651889,0.9264479282317233,20.126164874554703,1.0086021505086027
220,20230322,0.09582477754962354,25.0,0.9521066375777834,0.9616837013339841,20.126164874554703,0.8931899640809631
221,20230322,0.09582477754962354,26.0,0.9783491728187019,0.9987549885581481,20.126164874554703,0.7827956989264848
222,20230322,0.09582477754962354,27.0,1.0140590949038608,1.0303568164987356,20.126164874554703,0.6974910394214289
223,20230322,0.09582477754962354,28.0,1.0463603944103363,1.0637110742557123,20.126164874554703,0.6272401434373194
224,20230322,0.09582477754962354,29.0,1.0767114476931172,1.0951820948847941,20.126164874554703,0.5670250896474418
225,20230322,0.09582477754962354,30.0,1.1131162903781955,1.1261498269028096,20.126164874554703,0.5218637993057984
226,20230322,0.09582477754962354,31.0,1.1372002704751574,1.1579687733476196,20.126164874554703,0.4767025089848551
227,20230322,0.09582477754962354,32.0,1.1627020895113374,1.1847546744838149,20.126164874554703,0.43655913978959604
228,20230322,0.09582477754962354,32.5,1.1735421558997117,1.2037318083609678,20.126164874554703,0.4215053763736083
229,20230322,0.09582477754962354,33.0,1.1988778524544337,1.214294084508401,20.126164874554703,0.4114695339631562
230,20230322,0.09582477754962354,34.0,1.2152987906452735,1.2398846027065868,20.126164874554703,0.37634408595615454
231,20230322,0.09582477754962354,35.0,1.2530476923131335,1.2700787937646845,20.126164874554703,0.3612903225879667
232,20230322,0.09582477754962354,36.0,1.2704121550050176,1.2973551095780627,20.126164874554703,0.3362007168559382
233,20230322,0.09582477754962354,37.0,1.293557243930744,1.3218233132060209,20.126164874554703,0.3161290322208574
234,20230322,0.09582477754962354,37.5,1.3040574062466592,1.3330298449866804,20.126164874554703,0.30609318995891777
235,20230322,0.09582477754962354,38.0,1.3138482401113878,1.343560994150883,20.126164874554703,0.2960573476783571
236,20230322,0.09582477754962354,39.0,1.3313045584212095,1.3726704420831615,20.126164874554703,0.28100358422692495
237,20230322,0.09582477754962354,40.0,1.3571718445882914,1.389586496238437,20.126164874554703,0.26594982075063045
238,20230322,0.09582477754962354,42.5,1.4080347379917564,1.4438630426721608,20.126164874554703,0.23584229391443268
239,20230322,0.09582477754962354,45.0,1.4609057428732632,1.4997617888852446,20.126164874554703,0.21577060930884395
240,20230322,0.09582477754962354,47.5,1.5051962582341742,1.5474781998026965,20.126164874554703,0.19569892474120132
241,20230322,0.09582477754962354,50.0,1.5412804365159944,1.5875328511287954,20.126164874554703,0.17562724012094716
242,20230322,0.09582477754962354,55.0,1.6085788450548217,1.6628771119682533,20.126164874554703,0.14551971324373003
243,20230322,0.09582477754962354,60.0,1.6727814170113184,1.715155774155476,20.126164874554703,0.12043010751093358
244,20230322,0.09582477754962354,65.0,1.7182974796842774,1.767672995929857,20.126164874554703,0.10035842293867955
245,20230322,0.09582477754962354,70.0,1.7442407552250856,1.8296340147297396,20.126164874554703,0.08530465949566954
246,20230322,0.09582477754962354,75.0,1.7858657793934212,1.881529691317395,20.126164874554703,0.07526881720986997
247,20230322,0.09582477754962354,80.0,1.8155819756884637,1.9240452119345681,20.126164874554703,0.06523297491263788
248,20230322,0.09582477754962354,85.0,1.8322668477865638,1.9574703594920981,20.126164874554703,0.055197132630188356
249,20230322,0.09582477754962354,90.0,1.833060003709576,1.981664575585603,20.126164874554703,0.0451612903230522
250,20230322,0.09582477754962354,95.0,1.8872420846393658,1.9959236777576788,20.126164874554703,0.040143369181486865
251,20230322,0.09582477754962354,100.0,1.8606544885637897,2.0488954307870006,20.126164874554703,0.03512544802735722
252,20230322,0.09582477754962354,110.0,1.8321649532388675,2.0945410724443,20.126164874554703,0.025089605733844715
253,20230322,0.09582477754962354,120.0,2.034585239168865,2.181063218018581,20.126164874554703,0.03010752687748599
254,20230322,0.09582477754962354,130.0,,2.1943105559383405,20.126164874554703,
255,20230322,0.09582477754962354,140.0,,2.2651915263896125,20.126164874554703,
256,20230322,0.09582477754962354,150.0,2.1103949332671146,2.330648726351069,20.126164874554703,0.020071684594193295
257,20230322,0.09582477754962354,160.0,,2.391430691644616,20.126164874554703,
258,20230322,0.09582477754962354,170.0,,2.4481424471041766,20.126164874554703,
259,20230322,0.09582477754962354,180.0,,2.408953603884096,20.126164874554703,
260,20230419,0.17248459958932238,10.0,,0.7350039798092165,21.164480322904385,
261,20230419,0.17248459958932238,11.0,,0.7079101570908892,21.164480322904385,
262,20230419,0.17248459958932238,12.0,,0.6219977510255486,21.164480322904385,
263,20230419,0.17248459958932238,13.0,,0.5759381814492543,21.164480322904385,
264,20230419,0.17248459958932238,14.0,0.46845228195234134,0.5219198894557961,21.164480322904385,7.194752774971952
265,20230419,0.17248459958932238,15.0,0.4945550865018171,0.5325132174985776,21.164480322904385,6.250252270407419
266,20230419,0.17248459958932238,16.0,0.5197080935106322,0.5420519845429146,21.164480322904385,5.361251261396481
267,20230419,0.17248459958932238,17.0,0.5526526921529464,0.572724067482026,21.164480322904385,4.578203834509516
268,20230419,0.17248459958932238,18.0,0.5899524576884365,0.6055135526033095,21.164480322904385,3.911200807227212
269,20230419,0.17248459958932238,19.0,0.6328705107653083,0.6461806080395458,21.164480322904385,3.3753784054829117
270,20230419,0.17248459958932238,20.0,0.674217150974562,0.6925184528721156,21.164480322904385,2.950554994974251
271,20230419,0.17248459958932238,21.0,0.7134461122242162,0.7309812867805832,21.164480322904385,2.5963673058557735
272,20230419,0.17248459958932238,22.0,0.7461663494375415,0.7663212187085497,21.164480322904385,2.2956609486954296
273,20230419,0.17248459958932238,23.0,0.777767919081634,0.7979941617133384,21.164480322904385,2.043390514599439
274,20230419,0.17248459958932238,24.0,0.8134108394924695,0.8251524450505519,21.164480322904385,1.8365287588455743
275,20230419,0.17248459958932238,25.0,0.8379819712906624,0.8530267408246546,21.164480322904385,1.6498486376254569
276,20230419,0.17248459958932238,26.0,0.8620587688533059,0.877577875235422,21.164480322904385,1.4883955600009342
277,20230419,0.17248459958932238,27.0,0.8873874720486077,0.9034476200941004,21.164480322904385,1.3572149345320348
278,20230419,0.17248459958932238,28.0,0.915640317125402,0.925632729795119,21.164480322904385,1.2462159433813098
279,20230419,0.17248459958932238,29.0,0.9310734471543711,0.9484239298212953,21.164480322904385,1.1352169525662053
280,20230419,0.17248459958932238,30.0,0.9513146020067245,0.9693878346472888,21.164480322904385,1.0443995962919268
281,20230419,0.17248459958932238,31.0,0.9741771007422719,0.9892270108858379,21.164480322904385,0.9687184663196138
282,20230419,0.17248459958932238,32.0,0.9929174394519886,1.000790139095395,21.164480322904385,0.8879919273286538
283,20230419,0.17248459958932238,32.5,1.002814242837235,1.0188174834354404,21.164480322904385,0.8678102927383349
284,20230419,0.17248459958932238,33.0,1.0118254106954065,1.0281610896514812,21.164480322904385,0.8375378405749807
285,20230419,0.17248459958932238,34.0,1.0272490841622641,1.0485203174343245,21.164480322904385,0.7820383450782169
286,20230419,0.17248459958932238,35.0,1.048248358436854,1.0659255738012066,21.164480322904385,0.7366296670289758
287,20230419,0.17248459958932238,36.0,1.0666777452736125,1.085022191271511,21.164480322904385,0.6962663975696717
288,20230419,0.17248459958932238,37.0,1.0826325111138861,1.1017002552560715,21.164480322904385,0.6559031280923346
289,20230419,0.17248459958932238,37.5,1.089703097548381,1.1091568462304675,21.164480322904385,0.6357214934627418
290,20230419,0.17248459958932238,38.0,1.101194129312574,1.1160346989506071,21.164480322904385,0.6205852673743539
291,20230419,0.17248459958932238,39.0,1.11258679434988,1.133156721787138,21.164480322904385,0.5852674066498511
292,20230419,0.17248459958932238,40.0,1.1378321876849813,1.143143185779429,21.164480322904385,0.5600403633104454
293,20230419,0.17248459958932238,42.5,1.1699465298598515,1.1872564020603904,21.164480322904385,0.4994954591114402
294,20230419,0.17248459958932238,45.0,1.1978212851834371,1.2229404882386956,21.164480322904385,0.4439959637608869
295,20230419,0.17248459958932238,47.5,1.2303418202067617,1.2573702316295807,21.164480322904385,0.40363269421190884
296,20230419,0.17248459958932238,50.0,1.2635328888573518,1.2852892754161251,21.164480322904385,0.36831483353041294
297,20230419,0.17248459958932238,55.0,1.3306950607651014,1.338875920642049,21.164480322904385,0.3178607466916983
298,20230419,0.17248459958932238,60.0,1.3536351003995764,1.39148366042232,21.164480322904385,0.26236125120017356
299,20230419,0.17248459958932238,65.0,1.3983452665111837,1.4302347132017763,21.164480322904385,0.22704339047626604
300,20230419,0.17248459958932238,70.0,1.4437169862631682,1.455632103910781,21.164480322904385,0.19677093843352989
301,20230419,0.17248459958932238,75.0,1.4529256901132395,1.4936684467952803,21.164480322904385,0.1664984863838837
302,20230419,0.17248459958932238,80.0,1.4786429198408708,1.523935292364691,21.164480322904385,0.14631685168127867
303,20230419,0.17248459958932238,85.0,1.5135920229779996,1.5620421701285312,21.164480322904385,0.13622603429717658
304,20230419,0.17248459958932238,90.0,1.524038876680783,1.5789860127666455,21.164480322904385,0.11604439958405469
305,20230419,0.17248459958932238,95.0,1.5473313890224185,1.6068107930298394,21.164480322904385,0.10595358224792284
306,20230419,0.17248459958932238,100.0,1.5655955004447035,1.6102844978852282,21.164480322904385,0.09081735619292444
307,20230419,0.17248459958932238,110.0,1.5862134358144528,1.6411086118131673,21.164480322904385,0.07063572149815897
308,20230419,0.17248459958932238,120.0,1.5809095863483607,1.6824182175436841,21.164480322904385,0.05549949545687037
309,20230419,0.17248459958932238,130.0,1.5922420923129215,1.7134333460227134,21.164480322904385,0.04540867809924792
310,20230419,0.17248459958932238,140.0,1.6452228452652542,1.7341580873570677,21.164480322904385,0.04036326942619746
311,20230419,0.17248459958932238,150.0,1.6301445885729011,1.7436890694177958,21.164480322904385,0.0302724520627405
312,20230419,0.17248459958932238,160.0,1.6744094461424002,1.7899778070661978,21.164480322904385,0.030272452059236322
313,20230419,0.17248459958932238,170.0,1.7157189836244346,1.7819449845504627,21.164480322904385,0.02522704339203618
314,20230419,0.17248459958932238,180.0,1.6532489658964309,1.8216489275891234,21.164480322904385,0.020181634709623166
315,20230517,0.24914442162902123,10.0,,0.6829863196093735,21.64006708513422,
316,20230517,0.24914442162902123,11.0,,0.6052025448509966,21.64006708513422,
317,20230517,0.24914442162902123,12.0,,0.5657833304064575,21.64006708513422,
318,20230517,0.24914442162902123,13.0,0.42761789986366194,0.5390553959514583,21.64006708513422,8.670261190122691
319,20230517,0.24914442162902123,14.0,0.4701099636666024,0.49963646716101506,21.64006708513422,7.700455295085561
320,20230517,0.24914442162902123,15.0,0.48287858679454243,0.5001341302926925,21.64006708513422,6.7709082066557364
321,20230517,0.24914442162902123,16.0,0.5099238954647667,0.5314464360927631,21.64006708513422,5.931943433105989
322,20230517,0.24914442162902123,17.0,0.5449891743991966,0.552830655818864,21.64006708513422,5.1835609746096685
323,20230517,0.24914442162902123,18.0,0.5776873218052057,0.5934720961008004,21.64006708513422,4.560987286931027
324,20230517,0.24914442162902123,19.0,0.6102682922421456,0.6268090449366894,21.64006708513422,4.028995913915881
325,20230517,0.24914442162902123,20.0,0.6427529466080923,0.6554306548994142,21.64006708513422,3.5775221542035105
326,20230517,0.24914442162902123,21.0,0.6733083563654398,0.6853820750460866,21.64006708513422,3.2015336569347737
327,20230517,0.24914442162902123,22.0,0.704436317775804,0.7162147959953258,21.64006708513422,2.893601726942788
328,20230517,0.24914442162902123,23.0,0.7242591126323421,0.7406107755576234,21.64006708513422,2.601725378536967
329,20230517,0.24914442162902123,24.0,0.7499087948433096,0.7639734834279366,21.64006708513422,2.365204889758911
330,20230517,0.24914442162902123,25.0,0.7713552640247783,0.7832200451424249,21.64006708513422,2.1488138039923306
331,20230517,0.24914442162902123,26.0,0.7923244926689581,0.8068215949070512,21.64006708513422,1.972681525145556
332,20230517,0.24914442162902123,27.0,0.8115725546859067,0.8264050376791283,21.64006708513422,1.8116462984769153
333,20230517,0.24914442162902123,28.0,0.8300502268146599,0.8452755517106718,21.64006708513422,1.6707404753585098
334,20230517,0.24914442162902123,29.0,0.8486213874317585,0.8616784805967446,21.64006708513422,1.5449317046264692
335,20230517,0.24914442162902123,30.0,0.8680979919339793,0.8788564108729482,21.64006708513422,1.4392523372460428
336,20230517,0.24914442162902123,31.0,0.8809018708600576,0.8947963963329246,21.64006708513422,1.3335729697925593
337,20230517,0.24914442162902123,32.0,0.8956140045666907,0.9099724378210756,21.64006708513422,1.2429906546856686
338,20230517,0.24914442162902123,32.5,0.9031824210433301,0.9177767530671737,21.64006708513422,1.2027318482637628
339,20230517,0.24914442162902123,33.0,0.90998690970077,0.924830032326811,21.64006708513422,1.1624730414062556
340,20230517,0.24914442162902123,34.0,0.9244569306791042,0.939796082111223,21.64006708513422,1.0920201298679988
341,20230517,0.24914442162902123,35.0,0.9426369851458611,0.9521375133949572,21.64006708513422,1.0316319198415231
342,20230517,0.24914442162902123,36.0,0.9520786706884636,0.9652027177974911,21.64006708513422,0.9662113592867623
343,20230517,0.24914442162902123,37.0,0.9624199076091546,0.9793893505586153,21.64006708513422,0.9108554999933975
344,20230517,0.24914442162902123,37.5,0.9702351231128734,0.9840367271855317,21.64006708513422,0.8856937459525656
345,20230517,0.24914442162902123,38.0,0.9740738284192421,0.991621579468345,21.64006708513422,0.8605319917275169
346,20230517,0.24914442162902123,39.0,0.9874515602305964,1.0055412500686498,21.64006708513422,0.8202731852784699
347,20230517,0.24914442162902123,40.0,0.9991756444096291,1.0141510066921913,21.64006708513422,0.7749820275688455
348,20230517,0.24914442162902123,42.5,1.0256174876291646,1.0458235461723704,21.64006708513422,0.6894320634261719
349,20230517,0.24914442162902123,45.0,1.051974118180064,1.0694297908214074,21.64006708513422,0.6139468011651128
350,20230517,0.24914442162902123,47.5,1.0758361245262882,1.0945910430909098,21.64006708513422,0.5535585910825813
351,20230517,0.24914442162902123,50.0,1.1086520235564978,1.1185894570532144,21.64006708513422,0.5132997846383138
352,20230517,0.24914442162902123,55.0,1.1395542569675143,1.1623734980977778,21.64006708513422,0.4227174696452568
353,20230517,0.24914442162902123,60.0,1.1763357035097375,1.1957217371826157,21.64006708513422,0.35729690882712495
354,20230517,0.24914442162902123,65.0,1.2068680278177286,1.228631028513011,21.64006708513422,0.3069734006013096
355,20230517,0.24914442162902123,70.0,1.2340770251615885,1.258344812973624,21.64006708513422,0.2667145939248165
356,20230517,0.24914442162902123,75.0,1.2608770400548455,1.278919671036319,21.64006708513422,0.2314881380706994
357,20230517,0.24914442162902123,80.0,1.2799761274217212,1.3096884582915216,21.64006708513422,0.20632638394543945
358,20230517,0.24914442162902123,85.0,1.302767467000765,1.3246899460640509,21.64006708513422,0.18116462985791287
359,20230517,0.24914442162902123,90.0,1.3199889185629559,1.3440742933154732,21.64006708513422,0.16103522650396218
360,20230517,0.24914442162902123,95.0,1.331541343984382,1.3707737282810553,21.64006708513422,0.14593817406901502
361,20230517,0.24914442162902123,100.0,1.352495204059851,1.38102818019867,21.64006708513422,0.1308411215710194
362,20230517,0.24914442162902123,110.0,1.3845796749362558,1.417441271345857,21.64006708513422,0.11071171824694387
363,20230517,0.24914442162902123,120.0,1.4035352709602367,1.442242382921989,21.64006708513422,0.09058231493757748
364,20230517,0.24914442162902123,130.0,1.4077881012185323,1.4550905187333707,21.64006708513422,0.07045291160711077
365,20230517,0.24914442162902123,140.0,1.4254538000516535,1.4794333589213102,21.64006708513422,0.06038820995190161
366,20230517,0.24914442162902123,150.0,1.4338530156366556,1.4967700345855466,21.64006708513422,0.05032350828341155
367,20230517,0.24914442162902123,160.0,1.4309690913198367,1.5363926020045788,21.64006708513422,0.04529115746589242
368,20230517,0.24914442162902123,170.0,1.4118089029347427,1.5733368524639921,21.64006708513422,0.04025880662067579
369,20230517,0.24914442162902123,180.0,1.4440443010372053,1.577419004618248,21.64006708513422,0.03522645581218551
370,20230621,0.34496919917864477,10.0,,0.5918546923416614,22.043273787940784,
371,20230621,0.34496919917864477,11.0,,0.5564308972896772,22.043273787940784,
372,20230621,0.34496919917864477,12.0,0.4262130930376451,0.49305684517506054,22.043273787940784,10.063423470902961
373,20230621,0.34496919917864477,13.0,0.40982280176235253,0.47124971055815856,22.043273787940784,9.078535733088938
374,20230621,0.34496919917864477,14.0,0.43854741178177337,0.4602187681529277,22.043273787940784,8.123872519705955
375,20230621,0.34496919917864477,15.0,0.4612127109657014,0.4860964509358441,22.043273787940784,7.234695775919267
376,20230621,0.34496919917864477,16.0,0.4873776105747242,0.5001574928105146,22.043273787940784,6.411005501563602
377,20230621,0.34496919917864477,17.0,0.5167241678502883,0.5327574502954062,22.043273787940784,5.7031759044180435
378,20230621,0.34496919917864477,18.0,0.5438674791584812,0.55717517463911,22.043273787940784,5.075945038888212
379,20230621,0.34496919917864477,19.0,0.5683952008473188,0.5824797009914133,22.043273787940784,4.534350325899141
380,20230621,0.34496919917864477,20.0,0.5949141335653712,0.6057168591571929,22.043273787940784,4.073354344471365
381,20230621,0.34496919917864477,21.0,0.616818122819649,0.6270682720269694,22.043273787940784,3.667769991608158
382,20230621,0.34496919917864477,22.0,0.6326007335364883,0.6524766315331154,22.043273787940784,3.3175972665805853
383,20230621,0.34496919917864477,23.0,0.6578327453669028,0.6734962621908798,22.043273787940784,3.0325272833980197
384,20230621,0.34496919917864477,24.0,0.6768228758505841,0.6904777481598643,22.043273787940784,2.7655439845895744
385,20230621,0.34496919917864477,25.0,0.696226275779096,0.7079872883534033,22.043273787940784,2.5388600512131663
386,20230621,0.34496919917864477,26.0,0.7132124981054486,0.7251063804342073,22.043273787940784,2.337363221634914
387,20230621,0.34496919917864477,27.0,0.7286488804874713,0.742748315262165,22.043273787940784,2.161053495871513
388,20230621,0.34496919917864477,28.0,0.7432734889351003,0.7576555008032488,22.043273787940784,1.9998560326557877
389,20230621,0.34496919917864477,29.0,0.7577468891591885,0.7724554141363642,22.043273787940784,1.8588082519198021
390,20230621,0.34496919917864477,30.0,0.7748421844930198,0.7856025720150805,22.043273787940784,1.7379101541771802
391,20230621,0.34496919917864477,31.0,0.7842281245587661,0.797502125225203,22.043273787940784,1.6119746357833127
392,20230621,0.34496919917864477,32.0,0.7971434653347265,0.8107825627858225,22.043273787940784,1.5112262210069067
393,20230621,0.34496919917864477,32.5,0.8025469603500162,0.8163853810592401,22.043273787940784,1.460852013417023
394,20230621,0.34496919917864477,33.0,0.8096224401570447,0.8213197968333779,22.043273787940784,1.4155152267470985
395,20230621,0.34496919917864477,34.0,0.8195789443752255,0.8316356162147778,22.043273787940784,1.3248416536891292
396,20230621,0.34496919917864477,35.0,0.8321085595714997,0.8420393476450889,22.043273787940784,1.249280342633762
397,20230621,0.34496919917864477,36.0,0.8426025453269963,0.8528336636851002,22.043273787940784,1.178756452434414
398,20230621,0.34496919917864477,37.0,0.8511344438198583,0.8643157515511557,22.043273787940784,1.113269982871904
399,20230621,0.34496919917864477,37.5,0.8560304770258325,0.8694107887462379,22.043273787940784,1.0830454582394737
400,20230621,0.34496919917864477,38.0,0.8604973629012329,0.8740853195380083,22.043273787940784,1.0528209338178809
401,20230621,0.34496919917864477,39.0,0.8709918246498771,0.8821963363336649,22.043273787940784,0.9974093055683859
402,20230621,0.34496919917864477,40.0,0.8800082825657913,0.8915531354615709,22.043273787940784,0.947035098574494
403,20230621,0.34496919917864477,42.5,0.9010186269188529,0.9134550634370566,22.043273787940784,0.8362118420800724
404,20230621,0.34496919917864477,45.0,0.9208815907366679,0.9342473134344611,22.043273787940784,0.7455382691733614
405,20230621,0.34496919917864477,47.5,0.9413573437082967,0.9556384687488788,22.043273787940784,0.6750143787437528
406,20230621,0.34496919917864477,50.0,0.9603066437006351,0.9717714625178508,22.043273787940784,0.6095279090936743
407,20230621,0.34496919917864477,55.0,0.997440391819495,1.0060668725226511,22.043273787940784,0.5138169150917411
408,20230621,0.34496919917864477,60.0,1.0200529486053123,1.034760730270658,22.043273787940784,0.42818076267546323
409,20230621,0.34496919917864477,65.0,1.0453077290898887,1.0617677800639984,22.043273787940784,0.36773171379463154
410,20230621,0.34496919917864477,70.0,1.0666070945610264,1.0849820643652688,22.043273787940784,0.31735750647287475
411,20230621,0.34496919917864477,75.0,1.0930405347771135,1.106476975999417,22.043273787940784,0.2820955612863366
412,20230621,0.34496919917864477,80.0,1.1059847241429366,1.1283093890393001,22.043273787940784,0.2468336161384892
413,20230621,0.34496919917864477,85.0,1.1284996308836917,1.1447121460672545,22.043273787940784,0.22164651247213796
414,20230621,0.34496919917864477,90.0,1.1375907315390976,1.1643198777320771,22.043273787940784,0.1964594087162312
415,20230621,0.34496919917864477,95.0,1.1609935350290344,1.180051485732271,22.043273787940784,0.18134714644947508
416,20230621,0.34496919917864477,100.0,1.1710719004777959,1.2018139616854904,22.043273787940784,0.166234884306331
417,20230621,0.34496919917864477,110.0,1.191235360762997,1.2273511766547531,22.043273787940784,0.13601035992044908
418,20230621,0.34496919917864477,120.0,1.2126830102503097,1.2539673669527147,22.043273787940784,0.11586067697944652
419,20230621,0.34496919917864477,130.0,1.2412915138850646,1.2722135087969613,22.043273787940784,0.10074841469850593
420,20230621,0.34496919917864477,140.0,1.244929557739181,1.2981514074050922,22.043273787940784,0.08563615250031015
421,20230621,0.34496919917864477,150.0,1.2816549056295656,1.31923064969255,22.043273787940784,0.08059873175707938
422,20230621,0.34496919917864477,160.0,1.2686700583581136,1.3539118036124496,22.043273787940784,0.07052389031573376
423,20230621,0.34496919917864477,170.0,1.2997119188509356,1.367726453186072,22.043273787940784,0.06548646956317161
424,20230621,0.34496919917864477,180.0,1.3287826615990896,1.3772240329261045,22.043273787940784,0.06044904883218803
425,20230719,0.4216290212183436,10.0,,0.5500057660027813,22.59941733448756,
426,20230719,0.4216290212183436,11.0,,0.5187332364077952,22.59941733448756,
427,20230719,0.4216290212183436,12.0,,0.48199467988947764,22.59941733448756,
428,20230719,0.4216290212183436,13.0,0.3857364201628207,0.4568884644185597,22.59941733448756,9.640203933168237
429,20230719,0.4216290212183436,14.0,0.41435809211670427,0.443728299601455,22.59941733448756,8.686088856598916
430,20230719,0.4216290212183436,15.0,0.4376087968058888,0.4608115866948397,22.59941733448756,7.793153678176079
431,20230719,0.4216290212183436,16.0,0.46440921304096716,0.48405473122750564,22.59941733448756,6.981791697063465
432,20230719,0.4216290212183436,17.0,0.4914229721403426,0.5063931750413606,22.59941733448756,6.2571012380346325
433,20230719,0.4216290212183436,18.0,0.5152185264380806,0.5276261546752266,22.59941733448756,5.6139839763832615
434,20230719,0.4216290212183436,19.0,0.5378359591341337,0.5508948432033265,22.59941733448756,5.057538236873992
435,20230719,0.4216290212183436,20.0,0.5609032821883229,0.5708535298105515,22.59941733448756,4.572469045379087
436,20230719,0.4216290212183436,21.0,0.580243550378847,0.5914900340062084,22.59941733448756,4.1485797514416625
437,20230719,0.4216290212183436,22.0,0.5924696116048263,0.6105052969571612,22.59941733448756,3.7603787312851713
438,20230719,0.4216290212183436,23.0,0.6157661855315206,0.6334065273613185,22.59941733448756,3.4668608872954687
439,20230719,0.4216290212183436,24.0,0.6289739108097234,0.6551542449076331,22.59941733448756,3.186453021179017
440,20230719,0.4216290212183436,25.0,0.6494284645512476,0.6633664212337473,22.59941733448756,2.9264384545804614
441,20230719,0.4216290212183436,26.0,0.662346576593944,0.6781082315342202,22.59941733448756,2.697013837096185
442,20230719,0.4216290212183436,27.0,0.6772329549335196,0.6913901181745579,22.59941733448756,2.4981791685243397
443,20230719,0.4216290212183436,28.0,0.6930616115481198,0.7038324634979403,22.59941733448756,2.3248361245329514
444,20230719,0.4216290212183436,29.0,0.7031857785679854,0.7178052059517164,22.59941733448756,2.1616897296222484
445,20230719,0.4216290212183436,30.0,0.715281865579606,0.7301975898935076,22.59941733448756,2.0189366339764674
446,20230719,0.4216290212183436,31.0,0.7280346600072758,0.7413737131189917,22.59941733448756,1.8914785133998513
447,20230719,0.4216290212183436,32.0,0.7379915319523542,0.7516552770009064,22.59941733448756,1.7691187174720695
448,20230719,0.4216290212183436,33.0,0.7493295459623481,0.7633260067282739,22.59941733448756,1.667152220780781
449,20230719,0.4216290212183436,34.0,0.7604224233560581,0.7727281985184664,22.59941733448756,1.5702840488159837
450,20230719,0.4216290212183436,35.0,0.769425535856036,0.7841565873435041,22.59941733448756,1.4836125265838032
451,20230719,0.4216290212183436,36.0,0.7786029018656251,0.7915831948241681,22.59941733448756,1.3969410044960648
452,20230719,0.4216290212183436,37.0,0.7882051114768591,0.8015302264731312,22.59941733448756,1.3255644567450515
453,20230719,0.4216290212183436,38.0,0.796179220652627,0.8098798676119683,22.59941733448756,1.2541879092155814
454,20230719,0.4216290212183436,39.0,0.8049427801061946,0.8190136289530949,22.59941733448756,1.1930080110980887
455,20230719,0.4216290212183436,40.0,0.817158799055475,0.8267755783352737,22.59941733448756,1.14202476287952
456,20230719,0.4216290212183436,42.5,0.8326267678246917,0.8455308714661938,22.59941733448756,1.0043699923308216
457,20230719,0.4216290212183436,45.0,0.8514979250508885,0.8652649945183273,22.59941733448756,0.902403495589827
458,20230719,0.4216290212183436,47.5,0.8673931146226226,0.882101193292558,22.59941733448756,0.8106336486677537
459,20230719,0.4216290212183436,50.0,0.8811265467559344,0.899936648511408,22.59941733448756,0.7341587762363055
460,20230719,0.4216290212183436,55.0,0.908801457862827,0.9265792693074795,22.59941733448756,0.6067006551351972
461,20230719,0.4216290212183436,60.0,0.9337646322271069,0.9537008202637163,22.59941733448756,0.5149308083213775
462,20230719,0.4216290212183436,65.0,0.9561511431997478,0.9783522796526032,22.59941733448756,0.44355426048742597
463,20230719,0.4216290212183436,70.0,0.9792337175342112,0.9988623911512773,22.59941733448756,0.38747268742953267
464,20230719,0.4216290212183436,75.0,1.0062030590951396,1.0221143689875252,22.59941733448756,0.3517844134940753
465,20230719,0.4216290212183436,80.0,1.0162796062820934,1.0397989656653572,22.59941733448756,0.3058994899468625
466,20230719,0.4216290212183436,85.0,1.025936366948982,1.058249641226499,22.59941733448756,0.2702112162369846
467,20230719,0.4216290212183436,90.0,1.0517662650257869,1.0724514514896866,22.59941733448756,0.24981791686150018
468,20230719,0.4216290212183436,95.0,1.0596357885681758,1.0896389855933832,22.59941733448756,0.22432629272206966
469,20230719,0.4216290212183436,100.0,1.0714265563166654,1.096080782752233,22.59941733448756,0.19883466850442472
470,20230719,0.4216290212183436,110.0,1.0950054817821289,1.1232573191387933,22.59941733448756,0.16824471949822267
471,20230719,0.4216290212183436,120.0,1.107849568232059,1.1509893874038393,22.59941733448756,0.14275309530969413
472,20230719,0.4216290212183436,130.0,1.1229641863770703,1.1719672022600802,22.59941733448756,0.12235979600723496
473,20230719,0.4216290212183436,140.0,1.1454119923449593,1.1864295932327025,22.59941733448756,0.10706482154970415
474,20230719,0.4216290212183436,150.0,1.163237707093832,1.2080422272417022,22.59941733448756,0.09686817185615076
475,20230719,0.4216290212183436,160.0,1.1765534308660923,1.2258599745259495,22.59941733448756,0.08667152217339943
476,20230719,0.4216290212183436,170.0,1.1852445802805227,1.2400563465928975,22.59941733448756,0.07647487251545326
477,20230719,0.4216290212183436,180.0,1.1888954647446366,1.2506775747317076,22.59941733448756,0.06627822285160995
478,20230816,0.49828884325804246,10.0,,0.5064240288851425,22.60838819805696,
479,20230816,0.49828884325804246,11.0,,0.4776785377404841,22.60838819805696,
480,20230816,0.49828884325804246,12.0,0.36779065211331485,0.4599464449210191,22.60838819805696,10.63911241168121
481,20230816,0.49828884325804246,13.0,0.3764700483823725,0.43243686961904726,22.60838819805696,9.659595220733397
482,20230816,0.49828884325804246,14.0,0.4003414599224465,0.43864402238353095,22.60838819805696,8.726164350198964
483,20230816,0.49828884325804246,15.0,0.4246406312679776,0.4534546970034765,22.60838819805696,7.8541819069465575
484,20230816,0.49828884325804246,16.0,0.44972825317473186,0.4735465464407248,22.60838819805696,7.064130699782418
485,20230816,0.49828884325804246,17.0,0.4751269676714647,0.49640830419274884,22.60838819805696,6.366252133872043
486,20230816,0.49828884325804246,18.0,0.49811145409373636,0.5160616823052597,22.60838819805696,5.745184101440095
487,20230816,0.49828884325804246,19.0,0.5184806391700936,0.5364007759126739,22.60838819805696,5.200926603585865
488,20230816,0.49828884325804246,20.0,0.5363504115885498,0.5546787397396222,22.60838819805696,4.718117532437803
489,20230816,0.49828884325804246,21.0,0.5534653402208876,0.5725165242835433,22.60838819805696,4.29675688838975
490,20230816,0.49828884325804246,22.0,0.5644547220651883,0.5978351475126855,22.60838819805696,3.9368446721346606
491,20230816,0.49828884325804246,23.0,0.5843005865094955,0.6169486517530165,22.60838819805696,3.635698610307326
492,20230816,0.49828884325804246,24.0,0.5960997760334039,0.6283692029165124,22.60838819805696,3.328456473761161
493,20230816,0.49828884325804246,25.0,0.6163863121975499,0.6421239917316515,22.60838819805696,3.092904169468566
494,20230816,0.49828884325804246,26.0,0.6298630700830707,0.6524602422930705,22.60838819805696,2.8573518652279923
495,20230816,0.49828884325804246,27.0,0.6436690455510632,0.6632031362302395,22.60838819805696,2.652523774521937
496,20230816,0.49828884325804246,28.0,0.6551291512939752,0.6765535951331114,22.60838819805696,2.473299195018043
497,20230816,0.49828884325804246,29.0,0.6663542338561679,0.6847752956877431,22.60838819805696,2.2991953184314196
498,20230816,0.49828884325804246,30.0,0.6795089782303692,0.6965499102282526,22.60838819805696,2.160936356722612
499,20230816,0.49828884325804246,31.0,0.6863933948829108,0.7072698413887106,22.60838819805696,2.017556693298935
500,20230816,0.49828884325804246,32.0,0.6958902839890468,0.7172240037671738,22.60838819805696,1.8946598390559313
501,20230816,0.49828884325804246,33.0,0.7048448630868744,0.7248675798673334,22.60838819805696,1.7768836868997129
502,20230816,0.49828884325804246,34.0,0.715385364621475,0.7340154181491749,22.60838819805696,1.6795903440126123
503,20230816,0.49828884325804246,35.0,0.7240412167648085,0.7431301969534438,22.60838819805696,1.5874177028025045
504,20230816,0.49828884325804246,36.0,0.7308961826692348,0.7504930046176919,22.60838819805696,1.4952450621030215
505,20230816,0.49828884325804246,37.0,0.740076094827431,0.7601509706197187,22.60838819805696,1.4235552304117873
506,20230816,0.49828884325804246,38.0,0.7477899964048713,0.7683829813518086,22.60838819805696,1.3518653986799896
507,20230816,0.49828884325804246,39.0,0.7562286740191086,0.7752446523422145,22.60838819805696,1.2852962694056944
508,20230816,0.49828884325804246,40.0,0.7634088477257659,0.7829208063970716,22.60838819805696,1.2238478420802952
509,20230816,0.49828884325804246,42.5,0.780774399628505,0.8015687094495096,22.60838819805696,1.0907095828621656
510,20230816,0.49828884325804246,45.0,0.7990510188584863,0.8187013201140414,22.60838819805696,0.983174835403738
511,20230816,0.49828884325804246,47.5,0.8146761295401974,0.8355482838130812,22.60838819805696,0.8910021944927871
512,20230816,0.49828884325804246,50.0,0.8283956248677378,0.8505687248731184,22.60838819805696,0.8090709584713978
513,20230816,0.49828884325804246,55.0,0.8560609376768649,0.8747550631417955,22.60838819805696,0.6759326993485355
514,20230816,0.49828884325804246,60.0,0.8848809488883689,0.8986874700531826,22.60838819805696,0.5837600584519717
515,20230816,0.49828884325804246,65.0,0.9004407143402666,0.9234648473100584,22.60838819805696,0.5018288222735336
516,20230816,0.49828884325804246,70.0,0.9192875528422917,0.9405247657738163,22.60838819805696,0.43525969276825727
517,20230816,0.49828884325804246,75.0,0.9358610757223336,0.9591589063524271,22.60838819805696,0.3840526701379535
518,20230816,0.49828884325804246,80.0,0.946301372186596,0.9721381530282653,22.60838819805696,0.3328456473573581
519,20230816,0.49828884325804246,85.0,0.9623828418438001,0.9902705955201445,22.60838819805696,0.30212143377410733
520,20230816,0.49828884325804246,90.0,0.9743940543732947,0.998895233659794,22.60838819805696,0.2662765179375122
521,20230816,0.49828884325804246,95.0,0.9823169598704686,1.015480378426933,22.60838819805696,0.24067300658174745
522,20230816,0.49828884325804246,100.0,0.9937614860418986,1.0226573450369933,22.60838819805696,0.21506949519479585
523,20230816,0.49828884325804246,110.0,1.0076149684199414,1.0494415085289917,22.60838819805696,0.179224579355947
524,20230816,0.49828884325804246,120.0,1.0194094621863248,1.0680099422626959,22.60838819805696,0.14850036574847875
525,20230816,0.49828884325804246,130.0,1.0332994509541003,1.0784279114323856,22.60838819805696,0.122896854452308
526,20230816,0.49828884325804246,140.0,1.039407014048741,1.091718660625654,22.60838819805696,0.1024140453581602
527,20230816,0.49828884325804246,150.0,1.054159739595307,1.1115969445543024,22.60838819805696,0.09217264084908106
528,20230816,0.49828884325804246,160.0,1.0643515746216954,1.127982529594691,22.60838819805696,0.0819312363039901
529,20230816,0.49828884325804246,170.0,1.0696650036135815,1.141035064808789,22.60838819805696,0.07168983174998864
530,20230816,0.49828884325804246,180.0,1.0693286353654856,1.150797044408408,22.60838819805696,0.06144842723344078
531,20230920,0.5941136208076659,10.0,,0.4986490823143581,23.0021994712784,
532,20230920,0.5941136208076659,11.0,,0.48181467924646637,23.0021994712784,
533,20230920,0.5941136208076659,12.0,0.34466233237814015,0.4435758377304174,23.0021994712784,11.038123224457149
534,20230920,0.5941136208076659,13.0,0.3694588195011319,0.42487690664100186,23.0021994712784,10.068915012938703
535,20230920,0.5941136208076659,14.0,0.3846756619402383,0.41247507195786604,23.0021994712784,9.125366625117472
536,20230920,0.5941136208076659,15.0,0.40980577631257387,0.4397251169076447,23.0021994712784,8.274193602651277
537,20230920,0.5941136208076659,16.0,0.4346995578318198,0.45931509014271876,23.0021994712784,7.494868086638371
538,20230920,0.5941136208076659,17.0,0.45495062312052037,0.47695923526108064,23.0021994712784,6.787390076854605
539,20230920,0.5941136208076659,18.0,0.47268689757834537,0.49547639168349944,23.0021994712784,6.15689153822775
540,20230920,0.5941136208076659,19.0,0.4893603045134757,0.5114314535097291,23.0021994712784,5.593108541632241
541,20230920,0.5941136208076659,20.0,0.5060979478224785,0.5280456156689481,23.0021994712784,5.1011730514377955
542,20230920,0.5941136208076659,21.0,0.52069721367318,0.5445427564190721,23.0021994712784,4.665689173271589
543,20230920,0.5941136208076659,22.0,0.532942917365373,0.5634579115064806,23.0021994712784,4.286656906839599
544,20230920,0.5941136208076659,23.0,0.5484022306554119,0.5781178649554883,23.0021994712784,3.953812323430797
545,20230920,0.5941136208076659,24.0,0.5534293563904302,0.5899873409575449,23.0021994712784,3.618035143829813
546,20230920,0.5941136208076659,25.0,0.5897059594494451,0.6042345629460284,23.0021994712784,3.4384163781454804
547,20230920,0.5941136208076659,26.0,0.5877646873918718,0.6211562693562169,23.0021994712784,3.16642224640952
548,20230920,0.5941136208076659,27.0,0.6005498669613627,0.629721218013426,23.0021994712784,2.945747762413431
549,20230920,0.5941136208076659,28.0,0.6126158607578103,0.63910086888693,23.0021994712784,2.750733101873136
550,20230920,0.5941136208076659,29.0,0.624419836988714,0.6497298446109263,23.0021994712784,2.58137826554856
551,20230920,0.5941136208076659,30.0,0.6348556460788777,0.6605295604301213,23.0021994712784,2.4274193236951334
552,20230920,0.5941136208076659,31.0,0.6442238947992045,0.6703243010475315,23.0021994712784,2.283724311047954
553,20230920,0.5941136208076659,32.0,0.6543614522004249,0.6793697554007678,23.0021994712784,2.1554251920238565
554,20230920,0.5941136208076659,33.0,0.6639957665380738,0.6878951890597707,23.0021994712784,2.037390003030208
555,20230920,0.5941136208076659,34.0,0.6717114501430528,0.6961109134338561,23.0021994712784,1.924486778904536
556,20230920,0.5941136208076659,35.0,0.6809627912502618,0.7042135964931806,23.0021994712784,1.8269794485963375
557,20230920,0.5941136208076659,36.0,0.688628786176541,0.712389926649956,23.0021994712784,1.7346040829928473
558,20230920,0.5941136208076659,37.0,0.6965373720070536,0.7191029344012754,23.0021994712784,1.647360682492038
559,20230920,0.5941136208076659,38.0,0.7030743570269087,0.7279223179120413,23.0021994712784,1.5703812114730926
560,20230920,0.5941136208076659,39.0,0.7101315965902752,0.7337540624047356,23.0021994712784,1.4934017403116062
561,20230920,0.5941136208076659,40.0,0.717884326315523,0.742023163931474,23.0021994712784,1.4318181631722582
562,20230920,0.5941136208076659,42.5,0.7346968107066216,0.7582900031608129,23.0021994712784,1.2829911859865917
563,20230920,0.5941136208076659,45.0,0.7519471708125669,0.7747856056279785,23.0021994712784,1.1649559965222864
564,20230920,0.5941136208076659,47.5,0.7666122899004424,0.7885720711977053,23.0021994712784,1.057184737024509
565,20230920,0.5941136208076659,50.0,0.7910758872651542,0.8025468095921744,23.0021994712784,0.990469195364696
566,20230920,0.5941136208076659,55.0,0.8039966627448951,0.8272071564177679,23.0021994712784,0.815982394306944
567,20230920,0.5941136208076659,60.0,0.8253043328485337,0.8481646035403405,23.0021994712784,0.6979472051625706
568,20230920,0.5941136208076659,65.0,0.8433526479536144,0.8685417287237229,23.0021994712784,0.6055718398148605
569,20230920,0.5941136208076659,70.0,0.8604363158706207,0.8846634908879645,23.0021994712784,0.5285923683937643
570,20230920,0.5941136208076659,75.0,0.8748776912583089,0.8977081781086607,23.0021994712784,0.46187682678312625
571,20230920,0.5941136208076659,80.0,0.8835202951924992,0.9127680193522931,23.0021994712784,0.4054252146969306
572,20230920,0.5941136208076659,85.0,0.8959142775166589,0.9232919874373688,23.0021994712784,0.3592375321379515
573,20230920,0.5941136208076659,90.0,0.9040955057025808,0.9340277119369433,23.0021994712784,0.31818181409508134
574,20230920,0.5941136208076659,95.0,0.9137528870086538,0.9461045179519247,23.0021994712784,0.2873900255516552
575,20230920,0.5941136208076659,100.0,0.9200014172709741,0.9552293858900596,23.0021994712784,0.2565982371799874
576,20230920,0.5941136208076659,110.0,0.9440207226903763,0.9709223310522026,23.0021994712784,0.21554251921912515
577,20230920,0.5941136208076659,120.0,0.943153810239511,0.9835488016134488,23.0021994712784,0.16935483646031196
578,20230920,0.5941136208076659,130.0,0.9588835912467477,1.003920291713178,23.0021994712784,0.14882697750805365
579,20230920,0.5941136208076659,140.0,0.9685052710295188,1.0193827502541741,23.0021994712784,0.12829911856554174
580,20230920,0.5941136208076659,150.0,0.9714668319968676,1.0300682443072446,23.0021994712784,0.10777125961779799
581,20230920,0.5941136208076659,160.0,0.9828367807669063,1.0468827506869642,23.0021994712784,0.09750733009729892
582,20230920,0.5941136208076659,170.0,0.9903180106076093,1.0609086217466817,23.0021994712784,0.0872434005901363
583,20230920,0.5941136208076659,180.0,0.9935649146964596,1.0722731962033882,23.0021994712784,0.07697947114995214
584,20231018,0.6707734428473648,10.0,,0.5077653784468277,23.09468326911821,
585,20231018,0.6707734428473648,11.0,,0.5622808680561946,23.09468326911821,
586,20231018,0.6707734428473648,12.0,,0.5237103972687625,23.09468326911821,
587,20231018,0.6707734428473648,13.0,,0.4952359407839194,23.09468326911821,
588,20231018,0.6707734428473648,14.0,,0.48801189072454276,23.09468326911821,
589,20231018,0.6707734428473648,15.0,0.39593543117516483,0.41568791437874153,23.09468326911821,8.375091129822053
590,20231018,0.6707734428473648,16.0,0.37647385792826005,0.4425516406127693,23.09468326911821,7.543335845919147
591,20231018,0.6707734428473648,17.0,0.40635340092693095,0.4598510514414512,23.09468326911821,6.8441370054997535
592,20231018,0.6707734428473648,18.0,0.4271167631898197,0.4912164490311173,23.09468326911821,6.252002984826066
593,20231018,0.6707734428473648,19.0,0.4452470412298277,0.53599469103943,23.09468326911821,5.78222875703071
594,20231018,0.6707734428473648,20.0,0.4609210988791195,0.5351032439139705,23.09468326911821,5.241077984010818
595,20231018,0.6707734428473648,21.0,0.47569349075704015,0.5262422023444424,23.09468326911821,4.72541883353834
596,20231018,0.6707734428473648,22.0,0.4892603904814421,0.5820200780213343,23.09468326911821,4.485069219445893
597,20231018,0.6707734428473648,23.0,0.5040515100921847,0.5943285917086691,23.09468326911821,4.147851435490888
598,20231018,0.6707734428473648,24.0,0.5110375324369054,0.6066332638359029,23.09468326911821,3.8237435528547232
599,20231018,0.6707734428473648,25.0,0.5253831953670436,0.6201920626546162,23.09468326911821,3.5688273160897834
600,20231018,0.6707734428473648,26.0,0.5405117356203921,0.6297201660554743,23.09468326911821,3.3343043780844237
601,20231018,0.6707734428473648,27.0,0.5530021967059573,0.6424645656287677,23.09468326911821,3.130371388966767
602,20231018,0.6707734428473648,28.0,0.5647256964800744,0.6520660068988777,23.09468326911821,2.9366350487373567
603,20231018,0.6707734428473648,29.0,0.5761280254442833,0.6574732116339166,23.09468326911821,2.747997033761953
604,20231018,0.6707734428473648,30.0,0.586192034264519,0.6699216735638267,23.09468326911821,2.6001456162504843
605,20231018,0.6707734428473648,31.0,0.595207846948512,0.6759571412317371,23.09468326911821,2.4420975489544166
606,20231018,0.6707734428473648,32.0,0.6034281403329409,0.6840796208620574,23.09468326911821,2.3044427815063346
607,20231018,0.6707734428473648,33.0,0.6125826887939327,0.693162385307305,23.09468326911821,2.187181312428567
608,20231018,0.6707734428473648,34.0,0.6199083615712291,0.700539617412004,23.09468326911821,2.069919843400417
609,20231018,0.6707734428473648,35.0,0.6411489655355596,0.709272568221561,23.09468326911821,2.013838271640578
610,20231018,0.6707734428473648,36.0,0.6358704886433404,0.716584496569405,23.09468326911821,1.8761835036744499
611,20231018,0.6707734428473648,37.0,0.6416521992859054,0.7240812362779159,23.09468326911821,1.784413658289897
612,20231018,0.6707734428473648,38.0,0.6494273686465117,0.7319064856182229,23.09468326911821,1.707938787281353
613,20231018,0.6707734428473648,39.0,0.6560239433226689,0.738615447937109,23.09468326911821,1.6314639159844297
614,20231018,0.6707734428473648,40.0,0.6632615415061613,0.7458703890931704,23.09468326911821,1.5651856943066234
615,20231018,0.6707734428473648,42.5,0.6788837519911672,0.7623983106364618,23.09468326911821,1.412235952447341
616,20231018,0.6707734428473648,45.0,0.6948651019977761,0.7789529371269841,23.09468326911821,1.2898761587173686
617,20231018,0.6707734428473648,47.5,0.7083570848246041,0.7948171170039242,23.09468326911821,1.1828113390855783
618,20231018,0.6707734428473648,50.0,0.7311465328001872,0.8088841648905669,23.09468326911821,1.1114347930144557
619,20231018,0.6707734428473648,55.0,0.7448870799469305,0.835677237210587,23.09468326911821,0.9380917517857301
620,20231018,0.6707734428473648,60.0,0.7642842066903066,0.8611039565771383,23.09468326911821,0.8208302829181359
621,20231018,0.6707734428473648,65.0,0.7805031986402986,0.8834144890899898,23.09468326911821,0.7239621126411276
622,20231018,0.6707734428473648,70.0,0.7957493901096331,0.9043688196288782,23.09468326911821,0.647487241534924
623,20231018,0.6707734428473648,75.0,0.8083985775202227,0.9228071122377559,23.09468326911821,0.5812090201075887
624,20231018,0.6707734428473648,80.0,0.8196114040228528,0.9367673820994709,23.09468326911821,0.5200291231652249
625,20231018,0.6707734428473648,85.0,0.8258536283582278,0.9526918600199463,23.09468326911821,0.46904587586010804
626,20231018,0.6707734428473648,90.0,0.8321476144381466,0.9653844261077544,23.09468326911821,0.4231609531615954
627,20231018,0.6707734428473648,95.0,0.8398497764034956,0.9784620131715136,23.09468326911821,0.38747268011934816
628,20231018,0.6707734428473648,100.0,0.8504250421725379,0.9926090309627738,23.09468326911821,0.3619810564598528
629,20231018,0.6707734428473648,110.0,0.8484287740617424,1.0109356076453295,23.09468326911821,0.29570283488944793
630,20231018,0.6707734428473648,120.0,0.8574195290753084,1.034126356115467,23.09468326911821,0.2600145615845201
631,20231018,0.6707734428473648,130.0,0.8559951375541817,1.0519445614940057,23.09468326911821,0.22432628844031338
632,20231018,0.6707734428473648,140.0,0.8395820768971316,1.0648041797851362,23.09468326911821,0.1886380152699066
633,20231018,0.6707734428473648,150.0,0.8653911519108408,1.0784460460291427,23.09468326911821,0.17334304113328275
634,20231018,0.6707734428473648,160.0,0.7653676664827218,1.0942752025020304,23.09468326911821,0.1427530926061201
635,20231018,0.6707734428473648,170.0,,1.1073717933484435,23.09468326911821,
636,20231018,0.6707734428473648,180.0,,1.1178945854932496,23.09468326911821,
